{
  "fold": 2,
  "best_ridge": 0.003,
  "test_metrics": {
    "logloss": 0.7071312200250043,
    "brier": 0.4937254183641997,
    "accuracy": 0.5647249190938511,
    "mean_p_d": 0.006834568833477332,
    "emp_draw": 0.0040453074433656954,
    "K_median": 74.27793249203822,
    "K_p90": 147.9417825932723,
    "K_p99": 217.58428074899578
  },
  "params_trva": [
    0.7191648388447707,
    13.89196554656277,
    864.2540031149272,
    0.014013859224617568,
    -5.997910091814565,
    5.852165009037579,
    0.566539161428686,
    4.959823933015346,
    0.08180237343240791,
    -0.1345963580665073,
    0.5182230045859312,
    -1.2190244078346915,
    1.679766150715049,
    0.4734311301848183,
    0.22135107130792264,
    -0.4068941346180852,
    0.17485961788924534,
    -0.4538223567121172
  ]
}