{
  "ridge": 0.003,
  "Kmin_lo": 6.0,
  "Kmin_hi": 20.0,
  "Kmax_lo": 32.0,
  "Kmax_hi": 96.0,
  "beta_bound": 2.5,
  "val_logloss": 0.7404808999474098,
  "val_brier": 0.5059722804089901,
  "val_acc": 0.5562753036437247,
  "val_mean_p_d": 0.007307266181889243,
  "val_emp_draw": 0.010526315789473684,
  "val_K_med": 55.78645849152027,
  "val_K_p90": 75.47478400576414,
  "val_K_p99": 93.86294150337721,
  "params": [
    0.8180627659413494,
    6.0,
    96.0,
    0.014806257478091611,
    -1.1605414065725368,
    2.4488411887818815,
    0.6242817326669586,
    2.5,
    0.28920943419412853,
    -0.19190372726049013,
    0.5181949924417397,
    0.7966109367829316,
    2.5,
    1.2005917837839888
  ],
  "success": true
}