{
  "fold": 1,
  "best_ridge": 0.01,
  "best_bounds": {
    "Kmin": [
      6.0,
      20.0
    ],
    "Kmax": [
      32.0,
      96.0
    ],
    "beta_bound": 2.5
  },
  "test_metrics": {
    "logloss": 0.7227304726986186,
    "brier": 0.5040757947352247,
    "accuracy": 0.5473684210526316,
    "mean_p_d": 0.006515761427979368,
    "emp_draw": 0.005668016194331984,
    "K_median": 46.94837248684742,
    "K_p90": 95.19478562855603,
    "K_p99": 95.97452440897509
  },
  "params_trva": [
    0.16692935480192447,
    13.659307847050696,
    96.0,
    0.013208057966700179,
    2.5,
    -2.30440828229379,
    2.5,
    2.5,
    2.496618913207811,
    -0.9408485163466349,
    1.2249455486565661,
    0.8200413648001748,
    2.4691188782087066,
    0.16230889532332138,
    -0.14487995278931276,
    -0.3159259146457004,
    0.7319135709037198,
    0.16156356700925031
  ]
}