{
  "fold": 2,
  "best_ridge": 0.001,
  "best_bounds": {
    "Kmin": [
      4.0,
      16.0
    ],
    "Kmax": [
      28.0,
      72.0
    ],
    "beta_bound": 2.0
  },
  "test_metrics": {
    "logloss": 0.7339239797576841,
    "brier": 0.5043749559670089,
    "accuracy": 0.5425101214574899,
    "mean_p_d": 0.006225514988909663,
    "emp_draw": 0.008906882591093117,
    "K_median": 43.87732709501209,
    "K_p90": 69.49251295326384,
    "K_p99": 71.90331086950768
  },
  "params_trva": [
    0.16692935480192447,
    14.611442617570882,
    72.0,
    0.012580715508060293,
    0.7497409505902749,
    0.7493911121083865,
    1.671937458075927,
    2.0,
    1.9999771166964173,
    -1.0070564818667607,
    0.7518606959404294,
    0.6655888964303328,
    2.0,
    -0.9406467358702137,
    0.04758314337292338,
    0.10478813006188212,
    -0.2453441688745285,
    -0.05521545494785669
  ]
}